[
    {
        "passwd": "$2a$10$f4fyeNCfruMaGWL/OaEsE.dK8/wkq.ZO7r/./v08hJOb8aQXNMtNq",
        "email": "harmonyl@gmail.com"
    },
    {
        "passwd": "$2a$10$YLE97ob6QBx.D0yNSNmVlu0/GqkX5RFj59y2zbJeKFwVQUcyRYE4e",
        "email": "shanad@gmail.com"
    },
    {
        "passwd": "$2a$10$IEkclLwGxMUc2JDifISD5eObn8VBdD2BfjhbDeaW7qU5hl3SH6NIG",
        "email": "leylas@gmail.com"
    },
    {
        "passwd": "$2a$10$YmU/obgFsuV8p9AU0DIqjO2uZ719KT/uoGwPksi0W4UtjOr0O91Zy",
        "email": "jarredeg@gmail.com"
    },
    {
        "passwd": "$2a$10$7nbGKEivCIEh/YEq9KYt3.1zIa7vyscK9B3yHXiRMED2pgctTV2EK",
        "email": "bethneyk@gmail.com"
    },
    {
        "passwd": "$2a$10$1wr37c/dOSvK5aP4MF8KLu9ZLZY/zQ.0hpynbn2yhvZ.JKxFYDSUm",
        "email": "rollandly@gmail.com"
    },
    {
        "passwd": "$2a$10$vjwcRmRJHtLMZ4mSPXLXcubGwdH5F4P6RrOLWUKhSYLuSbtRypOxq",
        "email": "stewardg@gmail.com"
    },
    {
        "passwd": "$2a$10$G96ekoz5uaofilSLkxepiuBp518PvN8cwhmxypwrvLuDstK8itcbG",
        "email": "mollyr@gmail.com"
    },
    {
        "passwd": "$2a$10$mEeq.TIyXTeoHOcIOiByuee317z6CplIN./TqfqTd7xIt2z17EH2y",
        "email": "morleyd@gmail.com"
    },
    {
        "passwd": "$2a$10$PMlR6rfW03pFw2Fs.6TvEeyATln0cM6sjtUltxL.rkLimvTKi6ZgG",
        "email": "brysonr@gmail.com"
    },
    {
        "passwd": "$2a$10$w6m3o0hZ.PPDxJmi1Jv7ouEESA67iKymCnYh0V1FZpls5FcyGpiKu",
        "email": "dedmund@gmail.com"
    },
    {
        "passwd": "$2a$10$zu0nRK72dAPtgw4YIlm9xu0WVlm5KxTvM7FUPB2H36IB0VLoMlFKG",
        "email": "jmatvei@gmail.com"
    },
    {
        "passwd": "$2a$10$MfWjMHVx10SgcHYwVcfkJee901XbD8X98dT3KVAfrkTskj3wunxpi",
        "email": "thaci@gmail.com"
    },
    {
        "passwd": "$2a$10$jKVkTLbe2oB5t8QTnNeJme74R6b0TueRvyQ9LaADSG3RIuJPXXEfm",
        "email": "lspartak@gmail.com"
    },
    {
        "passwd": "$2a$10$OtFkbw.30MNnfoZ/M.yWR./QFrTv/LacEu2/T1W73tb6z1ZhcvLES",
        "email": "jphilip@gmail.com"
    },
    {
        "passwd": "$2a$10$BFDx5v0CovmL0o0xs1AgquusuKtdz/bZBD2DHYjFmQRk7/qS5ZSwu",
        "email": "jwoody@gmail.com"
    },
    {
        "passwd": "$2a$10$0UwrIBWucbJFsnti4o2Mneytza0tgUAw/zaYS3eKxywfPZsJM3YZq",
        "email": "dlillie@amazon.com"
    },
    {
        "passwd": "$2a$10$mykLwmHxlhYcOb81o3enyOjJRWje81Vdh1VxliFP5y1qKd3S62LKq",
        "email": "dbodhi@amazon.com"
    },
    {
        "passwd": "$2a$10$n/8vAePpr2AIS912CL.2F.Se0MRgCv1Quiscum7RjmyokI3eKsKMS",
        "email": "spichai@gmail.com"
    },
    {
        "passwd": "$2a$10$pfl/UC5y8v4gVw0gQ2XzNO6x7xufqTA3U61ArUjl64PWUwKT5zrFW",
        "email": "jbezos@amaon.com"
    }
]